Workbook

Sheet Лист1
A1: Дата | B1: Территория | C1: Товарооборот, шт | D1: Товарооборот, руб | E1: Количество складов | F1: Количество заказов | G1: Количество клиентов | H1: Товарооборот на склад | I1: Неделя
A2: 43982 | B2: Самара | C2: 7944 | D2: 623971.5 | E2: =SUMIFS(Лист2!$C:$C, Лист2!$A:$A, $A2, Лист2!$B:$B, $B2) -> 15 | F2: =SUMIFS(Лист2!$D:$D, Лист2!$A:$A, $A2, Лист2!$B:$B, $B2) -> 441 | G2: =SUMIFS(Лист2!$E:$E, Лист2!$A:$A, $A2, Лист2!$B:$B, $B2) -> 368 | H2: =IFERROR(D2/E2, 0) -> 41598.1 | I2: =WEEKNUM(A2, 2) -> 22
A3: 43981 | B3: Самара | C3: 10029 | D3: 787101 | E3: =SUMIFS(Лист2!$C:$C, Лист2!$A:$A, $A3, Лист2!$B:$B, $B3) -> 15 | F3: =SUMIFS(Лист2!$D:$D, Лист2!$A:$A, $A3, Лист2!$B:$B, $B3) -> 490 | G3: =SUMIFS(Лист2!$E:$E, Лист2!$A:$A, $A3, Лист2!$B:$B, $B3) -> 409 | H3: =IFERROR(D3/E3, 0) -> 52473.4 | I3: =WEEKNUM(A3, 2) -> 22
A4: 43979 | B4: Самара | C4: 8536.5 | D4: 643944 | E4: =SUMIFS(Лист2!$C:$C, Лист2!$A:$A, $A4, Лист2!$B:$B, $B4) -> 15 | F4: =SUMIFS(Лист2!$D:$D, Лист2!$A:$A, $A4, Лист2!$B:$B, $B4) -> 464 | G4: =SUMIFS(Лист2!$E:$E, Лист2!$A:$A, $A4, Лист2!$B:$B, $B4) -> 390 | H4: =IFERROR(D4/E4, 0) -> 42929.6 | I4: =WEEKNUM(A4, 2) -> 22
A5: 43967 | B5: Кемерово | C5: 38947.5 | D5: 3395892 | E5: =SUMIFS(Лист2!$C:$C, Лист2!$A:$A, $A5, Лист2!$B:$B, $B5) -> 21 | F5: =SUMIFS(Лист2!$D:$D, Лист2!$A:$A, $A5, Лист2!$B:$B, $B5) -> 2145 | G5: =SUMIFS(Лист2!$E:$E, Лист2!$A:$A, $A5, Лист2!$B:$B, $B5) -> 1947 | H5: =IFERROR(D5/E5, 0) -> 161709.14 | I5: =WEEKNUM(A5, 2) -> 20
A6: 43970 | B6: Кемерово | C6: 31842 | D6: 2771116.5 | E6: =SUMIFS(Лист2!$C:$C, Лист2!$A:$A, $A6, Лист2!$B:$B, $B6) -> 21 | F6: =SUMIFS(Лист2!$D:$D, Лист2!$A:$A, $A6, Лист2!$B:$B, $B6) -> 1860 | G6: =SUMIFS(Лист2!$E:$E, Лист2!$A:$A, $A6, Лист2!$B:$B, $B6) -> 1704 | H6: =IFERROR(D6/E6, 0) -> 131957.93 | I6: =WEEKNUM(A6, 2) -> 21
A7: 43968 | B7: Кемерово | C7: 32023.5 | D7: 2882458.5 | E7: =SUMIFS(Лист2!$C:$C, Лист2!$A:$A, $A7, Лист2!$B:$B, $B7) -> 21 | F7: =SUMIFS(Лист2!$D:$D, Лист2!$A:$A, $A7, Лист2!$B:$B, $B7) -> 1874 | G7: =SUMIFS(Лист2!$E:$E, Лист2!$A:$A, $A7, Лист2!$B:$B, $B7) -> 1705 | H7: =IFERROR(D7/E7, 0) -> 137259.93 | I7: =WEEKNUM(A7, 2) -> 20
A8: 43960 | B8: Кемерово | C8: 31147.5 | D8: 2831019 | E8: =SUMIFS(Лист2!$C:$C, Лист2!$A:$A, $A8, Лист2!$B:$B, $B8) -> 21 | F8: =SUMIFS(Лист2!$D:$D, Лист2!$A:$A, $A8, Лист2!$B:$B, $B8) -> 1735 | G8: =SUMIFS(Лист2!$E:$E, Лист2!$A:$A, $A8, Лист2!$B:$B, $B8) -> 1568 | H8: =IFERROR(D8/E8, 0) -> 134810.43 | I8: =WEEKNUM(A8, 2) -> 19
A9: 43955 | B9: Кемерово | C9: 25566 | D9: 2372310 | E9: =SUMIFS(Лист2!$C:$C, Лист2!$A:$A, $A9, Лист2!$B:$B, $B9) -> 20 | F9: =SUMIFS(Лист2!$D:$D, Лист2!$A:$A, $A9, Лист2!$B:$B, $B9) -> 1519 | G9: =SUMIFS(Лист2!$E:$E, Лист2!$A:$A, $A9, Лист2!$B:$B, $B9) -> 1372 | H9: =IFERROR(D9/E9, 0) -> 118615.5 | I9: =WEEKNUM(A9, 2) -> 19
A10: 43950 | B10: Кемерово | C10: 29319 | D10: 2623480.5 | E10: =SUMIFS(Лист2!$C:$C, Лист2!$A:$A, $A10, Лист2!$B:$B, $B10) -> 18 | F10: =SUMIFS(Лист2!$D:$D, Лист2!$A:$A, $A10, Лист2!$B:$B, $B10) -> 1684 | G10: =SUMIFS(Лист2!$E:$E, Лист2!$A:$A, $A10, Лист2!$B:$B, $B10) -> 1528 | H10: =IFERROR(D10/E10, 0) -> 145748.92 | I10: =WEEKNUM(A10, 2) -> 18
A11: 43953 | B11: Кемерово | C11: 29031 | D11: 2711247 | E11: =SUMIFS(Лист2!$C:$C, Лист2!$A:$A, $A11, Лист2!$B:$B, $B11) -> 18 | F11: =SUMIFS(Лист2!$D:$D, Лист2!$A:$A, $A11, Лист2!$B:$B, $B11) -> 1708 | G11: =SUMIFS(Лист2!$E:$E, Лист2!$A:$A, $A11, Лист2!$B:$B, $B11) -> 1534 | H11: =IFERROR(D11/E11, 0) -> 150624.83 | I11: =WEEKNUM(A11, 2) -> 18
A12: 43977 | B12: Кемерово | C12: 33423 | D12: 2970330 | E12: =SUMIFS(Лист2!$C:$C, Лист2!$A:$A, $A12, Лист2!$B:$B, $B12) -> 20 | F12: =SUMIFS(Лист2!$D:$D, Лист2!$A:$A, $A12, Лист2!$B:$B, $B12) -> 2044 | G12: =SUMIFS(Лист2!$E:$E, Лист2!$A:$A, $A12, Лист2!$B:$B, $B12) -> 1863 | H12: =IFERROR(D12/E12, 0) -> 148516.5 | I12: =WEEKNUM(A12, 2) -> 22
A13: 43952 | B13: Кемерово | C13: 32487 | D13: 3031254 | E13: =SUMIFS(Лист2!$C:$C, Лист2!$A:$A, $A13, Лист2!$B:$B, $B13) -> 18 | F13: =SUMIFS(Лист2!$D:$D, Лист2!$A:$A, $A13, Лист2!$B:$B, $B13) -> 1826 | G13: =SUMIFS(Лист2!$E:$E, Лист2!$A:$A, $A13, Лист2!$B:$B, $B13) -> 1633 | H13: =IFERROR(D13/E13, 0) -> 168403 | I13: =WEEKNUM(A13, 2) -> 18
... A505: 43983 | B505: Новосибирск | C505: 14238 | D505: 1293219 | E505: =SUMIFS(Лист2!$C:$C, Лист2!$A:$A, $A505, Лист2!$B:$B, $B505) -> 18 | F505: =SUMIFS(Лист2!$D:$D, Лист2!$A:$A, $A505, Лист2!$B:$B, $B505) -> 923 | G505: =SUMIFS(Лист2!$E:$E, Лист2!$A:$A, $A505, Лист2!$B:$B, $B505) -> 824 | H505: =IFERROR(D505/E505, 0) -> 71845.5 | I505: =WEEKNUM(A505, 2) -> 23

Sheet Лист2
A1: Дата | B1: Территория | C1: Количество складов | D1: Количество заказов | E1: Количество клиентов
A2: 43949 | B2: Волгоград | C2: 36 | D2: 4923 | E2: 4560
A3: 43949 | B3: Екатеринбург | C3: 31 | D3: 5465 | E3: 5096
A4: 43949 | B4: Казань | C4: 19 | D4: 1846 | E4: 1681
A5: 43949 | B5: Кемерово | C5: 18 | D5: 1539 | E5: 1404
A6: 43949 | B6: Краснодар | C6: 18 | D6: 1505 | E6: 1368
A7: 43949 | B7: Москва Восток | C7: 54 | D7: 12306 | E7: 11532
A8: 43949 | B8: Москва Запад | C8: 59 | D8: 12943 | E8: 12072
A9: 43949 | B9: Нижний Новгород | C9: 17 | D9: 1439 | E9: 1265
A10: 43949 | B10: Новосибирск | C10: 15 | D10: 636 | E10: 547
A11: 43949 | B11: Пермь | C11: 15 | D11: 780 | E11: 690
A12: 43949 | B12: Санкт-Петербург Север | C12: 125 | D12: 20914 | E12: 19479
A13: 43949 | B13: Санкт-Петербург Юг | C13: 128 | D13: 16450 | E13: 15320
... A505: 43983 | B505: Уфа | C505: 6 | D505: 237 | E505: 175

Sheet Анализ
A1: Территория | B1: Выручка | C1: Доля | D1: ТО на склад (посл. нед) | E1: =MAX(Лист1!$I:$I) -> 23 | F1: ТОП | G1: Территория по доле | J1: ТОП | K1: ТОП-3 по ТО на склад (посл. неделя) | M1: Неделя | N1: Общий товарооборот, руб | O1: Товарооборот на склад
A2: Волгоград | B2: =SUMIF(Лист1!$B:$B, A2, Лист1!$D:$D) -> 218000127 | C2: =B2 / SUM($B$2:$B$19) -> 0.043930743 | D2: =AVERAGEIFS(Лист1!$H:$H, Лист1!$B:$B, A2, Лист1!$I:$I, $E$1) -> 156764.59 | F2: 1 | G2: =INDEX($A$2:$A$19, MATCH(LARGE($C$2:$C$19, 1), $C$2:$C$19, 0)) -> Санкт-Петербург Север | J2: 1 | K2: =INDEX($A$2:$A$19, MATCH(LARGE($D$2:$D$19, 1), $D$2:$D$19, 0)) -> Москва Восток | M2: 18 | N2: =SUMIF(Лист1!$I:$I, M2, Лист1!$D:$D) -> 836803032 | O2: =AVERAGEIF(Лист1!$I:$I, M2, Лист1!$H:$H) -> 183538.9
A3: Екатеринбург | B3: =SUMIF(Лист1!$B:$B, A3, Лист1!$D:$D) -> 2.43409e+08 | C3: =B3 / SUM($B$2:$B$19) -> 0.049051065 | D3: =AVERAGEIFS(Лист1!$H:$H, Лист1!$B:$B, A3, Лист1!$I:$I, $E$1) -> 220320.05 | F3: 2 | G3: =INDEX($A$2:$A$19, MATCH(LARGE($C$2:$C$19, 2), $C$2:$C$19, 0)) -> Санкт-Петербург Юг | J3: 2 | K3: =INDEX($A$2:$A$19, MATCH(LARGE($D$2:$D$19, 2), $D$2:$D$19, 0)) -> Москва Запад | M3: 19 | N3: =SUMIF(Лист1!$I:$I, M3, Лист1!$D:$D) -> 9.8391541e+08 | O3: =AVERAGEIF(Лист1!$I:$I, M3, Лист1!$H:$H) -> 181743.54
A4: Казань | B4: =SUMIF(Лист1!$B:$B, A4, Лист1!$D:$D) -> 120582837 | C4: =B4 / SUM($B$2:$B$19) -> 0.024299498 | D4: =AVERAGEIFS(Лист1!$H:$H, Лист1!$B:$B, A4, Лист1!$I:$I, $E$1) -> 168054.39 | F4: 3 | G4: =INDEX($A$2:$A$19, MATCH(LARGE($C$2:$C$19, 3), $C$2:$C$19, 0)) -> Москва Запад | J4: 3 | K4: =INDEX($A$2:$A$19, MATCH(LARGE($D$2:$D$19, 3), $D$2:$D$19, 0)) -> Санкт-Петербург Север | M4: 20 | N4: =SUMIF(Лист1!$I:$I, M4, Лист1!$D:$D) -> 9.4726301e+08 | O4: =AVERAGEIF(Лист1!$I:$I, M4, Лист1!$H:$H) -> 178616.65
A5: Кемерово | B5: =SUMIF(Лист1!$B:$B, A5, Лист1!$D:$D) -> 1.0167354e+08 | C5: =B5 / SUM($B$2:$B$19) -> 0.020488951 | D5: =AVERAGEIFS(Лист1!$H:$H, Лист1!$B:$B, A5, Лист1!$I:$I, $E$1) -> 140239.79 | M5: 21 | N5: =SUMIF(Лист1!$I:$I, M5, Лист1!$D:$D) -> 1.0026919e+09 | O5: =AVERAGEIF(Лист1!$I:$I, M5, Лист1!$H:$H) -> 191353.01
A6: Краснодар | B6: =SUMIF(Лист1!$B:$B, A6, Лист1!$D:$D) -> 85862582 | C6: =B6 / SUM($B$2:$B$19) -> 0.017302774 | D6: =AVERAGEIFS(Лист1!$H:$H, Лист1!$B:$B, A6, Лист1!$I:$I, $E$1) -> 120903.21 | M6: 22 | N6: =SUMIF(Лист1!$I:$I, M6, Лист1!$D:$D) -> 1.0556535e+09 | O6: =AVERAGEIF(Лист1!$I:$I, M6, Лист1!$H:$H) -> 185990.79
A7: Москва Восток | B7: =SUMIF(Лист1!$B:$B, A7, Лист1!$D:$D) -> 738124428 | C7: =B7 / SUM($B$2:$B$19) -> 0.14874466 | D7: =AVERAGEIFS(Лист1!$H:$H, Лист1!$B:$B, A7, Лист1!$I:$I, $E$1) -> 350262.86 | M7: 23 | N7: =SUMIF(Лист1!$I:$I, M7, Лист1!$D:$D) -> 1.3603238e+08 | O7: =AVERAGEIF(Лист1!$I:$I, M7, Лист1!$H:$H) -> 154780.08
A8: Москва Запад | B8: =SUMIF(Лист1!$B:$B, A8, Лист1!$D:$D) -> 7.7414695e+08 | C8: =B8 / SUM($B$2:$B$19) -> 0.15600381 | D8: =AVERAGEIFS(Лист1!$H:$H, Лист1!$B:$B, A8, Лист1!$I:$I, $E$1) -> 329921.57
A9: Нижний Новгород | B9: =SUMIF(Лист1!$B:$B, A9, Лист1!$D:$D) -> 95592298 | C9: =B9 / SUM($B$2:$B$19) -> 0.019263478 | D9: =AVERAGEIFS(Лист1!$H:$H, Лист1!$B:$B, A9, Лист1!$I:$I, $E$1) -> 150675.6
A10: Новосибирск | B10: =SUMIF(Лист1!$B:$B, A10, Лист1!$D:$D) -> 41034630 | C10: =B10 / SUM($B$2:$B$19) -> 0.0082691777 | D10: =AVERAGEIFS(Лист1!$H:$H, Лист1!$B:$B, A10, Лист1!$I:$I, $E$1) -> 71845.5
A11: Пермь | B11: =SUMIF(Лист1!$B:$B, A11, Лист1!$D:$D) -> 48803040 | C11: =B11 / SUM($B$2:$B$19) -> 0.0098346447 | D11: =AVERAGEIFS(Лист1!$H:$H, Лист1!$B:$B, A11, Лист1!$I:$I, $E$1) -> 89800.5
A12: Ростов-на-Дону | B12: =SUMIF(Лист1!$B:$B, A12, Лист1!$D:$D) -> 34816548 | C12: =B12 / SUM($B$2:$B$19) -> 0.0070161281 | D12: =AVERAGEIFS(Лист1!$H:$H, Лист1!$B:$B, A12, Лист1!$I:$I, $E$1) -> 97852.031
A13: Самара | B13: =SUMIF(Лист1!$B:$B, A13, Лист1!$D:$D) -> 3342598.5 | C13: =B13 / SUM($B$2:$B$19) -> 0.0006735906 | D13: =AVERAGEIFS(Лист1!$H:$H, Лист1!$B:$B, A13, Лист1!$I:$I, $E$1) -> 42423
A14: Санкт-Петербург Север | B14: =SUMIF(Лист1!$B:$B, A14, Лист1!$D:$D) -> 1.3807239e+09 | C14: =B14 / SUM($B$2:$B$19) -> 0.27823941 | D14: =AVERAGEIFS(Лист1!$H:$H, Лист1!$B:$B, A14, Лист1!$I:$I, $E$1) -> 302909.27
A15: Санкт-Петербург Юг | B15: =SUMIF(Лист1!$B:$B, A15, Лист1!$D:$D) -> 1.0356124e+09 | C15: =B15 / SUM($B$2:$B$19) -> 0.20869355 | D15: =AVERAGEIFS(Лист1!$H:$H, Лист1!$B:$B, A15, Лист1!$I:$I, $E$1) -> 216953.85
A16: Тольятти | B16: =SUMIF(Лист1!$B:$B, A16, Лист1!$D:$D) -> 33207564 | C16: =B16 / SUM($B$2:$B$19) -> 0.0066918904 | D16: =AVERAGEIFS(Лист1!$H:$H, Лист1!$B:$B, A16, Лист1!$I:$I, $E$1) -> 100774.2
A17: Томск | B17: =SUMIF(Лист1!$B:$B, A17, Лист1!$D:$D) -> 882906 | C17: =B17 / SUM($B$2:$B$19) -> 0.00017792061 | D17: =AVERAGEIFS(Лист1!$H:$H, Лист1!$B:$B, A17, Лист1!$I:$I, $E$1) -> 43223.667
A18: Тюмень | B18: =SUMIF(Лист1!$B:$B, A18, Лист1!$D:$D) -> 5664156 | C18: =B18 / SUM($B$2:$B$19) -> 0.001141424 | D18: =AVERAGEIFS(Лист1!$H:$H, Лист1!$B:$B, A18, Лист1!$I:$I, $E$1) -> 114635.36
A19: Уфа | B19: =SUMIF(Лист1!$B:$B, A19, Лист1!$D:$D) -> 879727.5 | C19: =B19 / SUM($B$2:$B$19) -> 0.00017728009 | D19: =AVERAGEIFS(Лист1!$H:$H, Лист1!$B:$B, A19, Лист1!$I:$I, $E$1) -> 68482
